CREATE TABLE `DIM_FACULTY`(  
    `FacultyID` INT NOT NULL,
    `Name` VARCHAR(40),
    `Budget` INT,
    `StartDate` DATE,
	PRIMARY KEY(`StudentID`)); 

INSERT INTO dim_faculty(`FacultyID`,`Name`) VALUES
('001', 'Arts'),
('002', 'Business'),
('003', 'Economics'),
('004', 'Education'),
('005', 'Engineering'),
('006', 'Information Technology'),
('007', 'Law');
SELECT * FROM dim_faculty;


CREATE TABLE `DIM_INSTRUCTOR` (  
	`InstructorID` INT NOT NULL AUTO_INCREMENT,  
	`FirstName` VARCHAR(40) NOT NULL,  
   `LastName` VARCHAR(40) NOT NULL,  
   `Age` INT NOT NULL,  
   `Gender` BOOLEAN NOT NULL,  
   `Nationality` VARCHAR(40) NOT NULL,  
   `HireDate` DATE NOT NULL,  
   `JobTitle` VARCHAR(40) NOT NULL,  
   `FacultyID` INT DEFAULT NULL,  
   `Email` VARCHAR(40),  
   `PhoneNumber` VARCHAR(40),  
   `HighestDegree` VARCHAR(40) NOT NULL,  
   `GraduationPlace` VARCHAR(40) NOT NULL,  
   `NumberOfPublication` INT NOT NULL DEFAULT '0',  
   `NumberOfCitation` INT NOT NULL DEFAULT '0',  
   `AvgStudentSatisfaction` FLOAT,  
   `Salary` FLOAT NOT NULL,  
	    PRIMARY KEY (`InstructorID`),
	    FOREIGN KEY (`FacultyID`) REFERENCES DIM_FACULTY(`FacultyID`)  

INSERT into dim_instructor(`Firstname`,`LastName`,`Age`,`Nationality`,`Gender`) VALUES
('Eveline',	'Brickhouse',	32,	'Australian',	'female'),
('Laurene',	'Bennett',	35,	'Chinese',	'female'),
('Tegan',	'Ebershoff',	36,	'German',	'male'),
('Tracie',	'Huro',	42,	'Australian',	'male'),
('Mertie',	'Kazeck',	51,	'Indian',	'female'),
('Clare',	'Bortignon',	46,	'Australian',	'male'),
('Rebeca',	'Baley',	40,	'Australian',	'female'),
('Nilsa',	'Pawell',	36,	'French',	'female'),
('Samuel',	'Arellanes',	34,	'Australian',	'female'),
('Ivette',	'Servantes',	34,	'Australian',	'female'),
('Merrilee',	'Fajen',	36,	'Chinese',	'male'),
('Gianna',	'Eilers',	35,	'Australian',	'male'),
('Hyman',	'Phinazee',	33,	'French',	'female'),
('Buck',	'Pascucci',	41,	'Indian',	'male'),
('Kenny',	'Leicht',	40,	'Australian',	'female'),
('Tabetha',	'Bai',	34,	'Australian',	'female'),
('Alonso',	'Popper',	34,	'Australian',	'male'),
('Alonzo',	'Polek',	36,	'French',	'male'),
('Son',	'Magnotta',	35,	'Australian',	'female'),
('Jesusita',	'Druck',	33,	'German',	'male'),
('Annice',	'Kunich',	41,	'Australian',	'female'),
('Delila',	'Buchman',	40,	'Chinese',	'female'),
('Iraida',	'Sionesini',	30,	'Australian',	'female'),
('Alona',	'Driesenga',	40,	'German',	'female'),
('Lajuana',	'Vonderahe',	47,	'Australian',	'male'),
('Madelyn',	'Maestri',	29,	'Chinese',	'male'),
('Louann',	'Susmilch',	46,	'Australian',	'female'),
('William',	'Devol',	40,	'French',	'male'),
('Corazon',	'Grafenstein',	36,	'Australian',	'female'),
('Fairy',	'Burket',	34,	'Australian',	'female'),
('Lashawn',	'Urion',	34,	'Indian',	'male'),
('Ronald',	'Gayner',	36,	'Australian',	'male'),
('Shizue',	'Hayduk',	32,	'Australian',	'female'),
('Nida',	'Fitz',	33,	'Chinese',	'male'),
('Amos',	'Limberg',	29,	'Australian',	'female');
DESC DIM_Instructor
SELECT * FROM dim_instructor;


CREATE TABLE `DIM_SUBJECT`(  
    `SubjectID` INT NOT NULL,  
    `FacultyID` INT NOT NULL,  
    `InstructorID` INT NOT NULL,  
    `Title` INT NOT NULL,  
    `MaxEnrollment` INT NOT NULL,  
    `Credit` INT NOT NULL,  
    `URL` TEXT NULL,  
    `Location` VARCHAR(40) NOT NULL,  
    `Time` VARCHAR(40) NOT NULL COMMENT 'Morning, Afternoon, Evening',  
    `Semester` VARCHAR(40) NOT NULL,  
    `Star` FLOAT NOT NULL DEFAULT '0',  
    `DeliveryMode` VARCHAR(40) NOT NULL,  
    PRIMARY KEY(`SubjectID`)  

INSERT INTO DIM_SUBJECT(`SubjectID`,`FacultyID`,`Title`) VALUES
(1001	, 001,	'Chinese (Mandarin)'),
(1002	, 001,	'Japanese'),
(1003	, 001,	'French'),
(1004	, 001,	'Spanish'),
(1005	, 001,	'English Literatures'),
(1006	, 002,	'Accounting'),
(1007	, 002,	'Finance'),
(1008	, 002,	'International Business'),
(1009	, 002,	'Marketing'),
(1010	, 002,	'Business Law'),
(1011	, 003,	'political economy and public choice.'),
(1012	, 003,	'economic theory.'),
(1013	, 003,	'international trade.'),
(1014	, 003,	'economic growth and development.'),
(1015	, 003,	'labour economics and industrial relations.'),
(1016	, 004,	'Education of International Studies'),
(1017	, 004,	'Engineering Studies'),
(1018	, 004,	'Communication'),
(1019	, 004,	'Science Studies'),
(1020	, 004,	'Educational Studies of Arts'),
(1021	, 005,	'Biomedical Engineering.'),
(1022	, 005,	'Civil and Environmental Engineering.'),
(1023	, 005,	'Computer Science.'),
(1024	, 005,	'Electrical and Data Engineering.'),
(1025	, 005,	'Mechanical and Mechatronic Engineering.'),
(1026	, 006,	'Machine Learning techniques'),
(1027	, 006,	'Computer Programming'),
(1028	, 006,	'Networking'),
(1029	, 006,	'Computer Architecture'),
(1030	, 006,	'Fundamentals of Hardware'),
(1031	, 007,	'Business of Laws'),
(1032	, 007,	'Science of Laws'),
(1033	, 007,	'Medical Science of Laws'),
(1034	, 007,	'Engineering of Laws'),
(1035	, 007,	'Economics of Laws');

SELECT * FROM dim_subject;

CREATE TABLE `DIM_STUDENT`(  
    `StudentID` INT AUTO_INCREMENT NOT NULL,  
    `FirstName` VARCHAR(40) NOT NULL,  
    `LastName` VARCHAR(40) NOT NULL,  
    `Age` INT NOT NULL,  
    `Nationality` VARCHAR(40) NOT NULL,  
    `Gender` VARCHAR(40) NOT NULL,  
    `Email` VARCHAR(40) NULL,  
    `PhoneNumber` VARCHAR(40) NULL,  
    `IncomeClass` INT NULL,  
    `StudyMode` INT NOT NULL,  
    `GPA` FLOAT NOT NULL,  
    `TotalCredits` INT NOT NULL,  
    `HighestDegree` VARCHAR(40) NOT NULL,  
    `PreviousGPA` FLOAT NOT NULL,  
    `AbsentDays` INT NOT NULL,   
    `FacultyID` INT NOT NULL,  
    PRIMARY KEY(`StudentID`),  
    FOREIGN KEY(`FacultyID`) REFERENCES DIM_FACULTY(`FacultyID`)  
); 

INSERT INTO dim_student(`FirstName`, `LastName`, `Age`, `Nationality`, `Gender`,`Email`,`PhoneNumber`, `GPA`,`FacultyID`) VALUES
('Rebbecca',	'Didio',	23,	'Korean',	'male',	'rebbecca.didio@didio.com.au',	'0458-665-290',	89.18,	4),
('Stevie',	'Hallo',	23,	'Indonisean',	'male',	'stevie.hallo@hotmail.com',	'0497-622-620',	72.83,	6),
('Mariko',	'Stayer',	22,	'Korean',	'male',	'mariko_stayer@hotmail.com',	'0427-885-282',	80.39,	7),
('Gerardo',	'Woodka',	20,	'Chinese',	'male',	'gerardo_woodka@hotmail.com',	'0443-795-912',	57.71,	3),
('Mayra',	'Bena',	30,	'Chinese',	'female',	'mayra.bena@gmail.com',	'0453-666-885',	62.67,	2),
('Idella',	'Scotland',	24,	'Japaese',	'female',	'idella@hotmail.com',	'0451-966-921',	83.20,	7),
('Sherill',	'Klar',	20,	'German',	'female',	'sklar@hotmail.com',	'0427-991-688',	90.49,	7),
('Ena',	'Desjardiws',	25,	'French',	'female',	'ena_desjardiws@desjardiws.com.au',	'0415-961-606',	57.55,	2),
('Vince',	'Siena',	19,	'Australian',	'female',	'vince_siena@yahoo.com',	'0411-732-965',	55.69,	6),
('Theron',	'Jarding',	18,	'Vietnamese',	'female',	'tjarding@hotmail.com',	'0461-862-457',	78.79,	1),
('Amira',	'Chudej',	20,	'French',	'male',	'amira.chudej@chudej.net.au',	'0478-867-289',	60.19,	1),
('Marica',	'Tarbor',	18,	'Japaese',	'female',	'marica.tarbor@hotmail.com',	'0494-982-617',	79.19,	1),
('Shawna',	'Albrough',	27,	'Vietnamese',	'male',	'shawna.albrough@albrough.com.au',	'0441-255-802',	63.58,	4),
('Paulina',	'Maker',	22,	'German',	'male',	'paulina_maker@maker.net.au',	'0420-123-282',	52.29,	4),
('Rose',	'Jebb',	18,	'Vietnamese',	'male',	'rose@jebb.net.au',	'0496-441-929',	56.71,	2),
('Reita',	'Tabar',	18,	'Korean',	'female',	'rtabar@hotmail.com',	'0431-669-863',	56.42,	7),
('Maybelle',	'Bewley',	24,	'Indonisean',	'male',	'mbewley@yahoo.com',	'0448-221-640',	58.38,	1),
('Camellia',	'Pylant',	21,	'Korean',	'male',	'camellia_pylant@gmail.com',	'0423-446-913',	73.58,	3),
('Roy',	'Nybo',	29,	'Korean',	'female',	'rnybo@nybo.net.au',	'0416-394-795',	85.17,	4),
('Albert',	'Sonier',	24,	'Vietnamese',	'male',	'albert.sonier@gmail.com',	'0420-575-355',	84.00,	3),
('Hayley',	'Taghon',	24,	'Vietnamese',	'female',	'htaghon@taghon.net.au',	'0491-976-291',	63.83,	2),
('Norah',	'Daleo',	19,	'Malaysian',	'male',	'ndaleo@daleo.net.au',	'0462-327-613',	56.12,	1),
('Rosina',	'Sidhu',	19,	'Indian',	'female',	'rosina_sidhu@gmail.com',	'0458-753-924',	56.53,	6),
('Royal',	'Costeira',	23,	'Malaysian',	'female',	'royal_costeira@costeira.com.au',	'0480-443-612',	79.80,	2),
('Barrie',	'Nicley',	28,	'Korean',	'male',	'bnicley@nicley.com.au',	'0455-270-505',	64.77,	1),
('Linsey',	'Gedman',	18,	'Indonisean',	'female',	'lgedman@gedman.net.au',	'0433-965-131',	87.55,	1),
('Laura',	'Bourbonnais',	23,	'Korean',	'male',	'laura.bourbonnais@yahoo.com',	'0491-455-112',	85.58,	3),
('Fanny',	'Stoneking',	18,	'Vietnamese',	'female',	'fstoneking@hotmail.com',	'0465-778-983',	83.25,	5),
('Kristian',	'Ellerbusch',	30,	'Chinese',	'female',	'kristian@yahoo.com',	'0442-982-316',	89.97,	3),
('Gwen',	'Julye',	27,	'Malaysian',	'male',	'gjulye@hotmail.com',	'0465-547-766',	79.83,	3),
('Ben',	'Majorga',	24,	'Indian',	'male',	'ben.majorga@hotmail.com',	'0462-648-621',	87.45,	4),
('Trina',	'Oto',	24,	'Australian',	'female',	'trina@oto.com.au',	'0460-377-727',	69.78,	7),
('Emelda',	'Geffers',	31,	'Australian',	'female',	'emelda.geffers@gmail.com',	'0454-643-433',	52.71,	4),
('Zana',	'Ploszaj',	22,	'Thai',	'male',	'zana_ploszaj@ploszaj.net.au',	'0430-656-502',	76.23,	2),
('Shaun',	'Rael',	27,	'Thai',	'male',	'shaun.rael@rael.com.au',	'0498-627-281',	54.94,	3),
('Oren',	'Lobosco',	25,	'Indian',	'female',	'olobosco@hotmail.com',	'0495-838-492',	57.72,	7),
('Catherin',	'Aguele',	18,	'Vietnamese',	'male',	'caguele@gmail.com',	'0444-150-950',	78.22,	6),
('Pearlene',	'Boudrie',	29,	'Japaese',	'female',	'pboudrie@boudrie.net.au',	'0462-627-260',	89.67,	2),
('Kathryn',	'Bonalumi',	30,	'Japaese',	'female',	'kathryn.bonalumi@yahoo.com',	'0455-699-311',	89.30,	4),
('Suzan',	'Landa',	24,	'Malaysian',	'male',	'suzan.landa@gmail.com',	'0471-251-939',	55.35,	6),
('Sommer',	'Agar',	28,	'Japaese',	'female',	'sagar@agar.net.au',	'0486-599-199',	53.38,	1),
('Keena',	'Rebich',	23,	'Malaysian',	'female',	'krebich@rebich.net.au',	'0468-708-802',	64.66,	1),
('Rupert',	'Hinkson',	18,	'French',	'female',	'rupert_hinkson@hinkson.net.au',	'0489-430-358',	53.10,	5),
('Aleta',	'Poarch',	24,	'Thai',	'male',	'apoarch@gmail.com',	'0419-138-629',	57.28,	7),
('Jamal',	'Korczynski',	31,	'German',	'male',	'jamal_korczynski@gmail.com',	'0427-970-674',	82.15,	2),
('Luz',	'Broccoli',	27,	'Australian',	'female',	'luz_broccoli@hotmail.com',	'0416-525-908',	75.88,	1),
('Janessa',	'Ruthers',	23,	'Indonisean',	'female',	'janessa@yahoo.com',	'0410-358-989',	80.38,	1),
('Lavonne',	'Esco',	26,	'Korean',	'female',	'lavonne.esco@yahoo.com',	'0444-359-546',	87.79,	4),
('Honey',	'Lymaster',	27,	'German',	'male',	'honey_lymaster@lymaster.net.au',	'0411-717-109',	61.30,	3),
('Jean',	'Cecchinato',	23,	'Thai',	'female',	'jean.cecchinato@gmail.com',	'0448-530-536',	76.00,	2),
('Katlyn',	'Flitcroft',	30,	'Vietnamese',	'female',	'kflitcroft@hotmail.com',	'0465-519-356',	78.37,	3),
('Cassie',	'Soros',	27,	'Indian',	'male',	'csoros@gmail.com',	'0423-281-356',	58.96,	5),
('Rolf',	'Gene',	28,	'Japaese',	'female',	'rolf_gene@gene.com.au',	'0482-882-653',	85.54,	6),
('Darnell',	'Moothart',	24,	'French',	'female',	'darnell_moothart@yahoo.com',	'0419-656-117',	57.21,	3),
('Cherilyn',	'Fraize',	23,	'Indian',	'female',	'cherilyn_fraize@fraize.net.au',	'0468-743-337',	75.32,	3),
('Lynda',	'Lazzaro',	31,	'Australian',	'male',	'lynda.lazzaro@gmail.com',	'0472-315-303',	62.47,	4),
('Leigha',	'Capelli',	25,	'Thai',	'female',	'leigha.capelli@capelli.com.au',	'0432-580-634',	77.81,	5),
('Delfina',	'Binnie',	18,	'Japaese',	'female',	'delfina_binnie@binnie.net.au',	'0460-951-322',	57.03,	4),
('Carlota',	'Gephardt',	26,	'French',	'female',	'carlota.gephardt@gephardt.com.au',	'0415-230-654',	53.84,	5),
('Alida',	'Helger',	27,	'German',	'male',	'alida@helger.com.au',	'0412-699-567',	91.95,	4),
('Donte',	'Resureccion',	28,	'Chinese',	'male',	'donte.resureccion@yahoo.com',	'0478-459-448',	82.62,	4),
('Lou',	'Kriner',	22,	'Indonisean',	'female',	'lou.kriner@hotmail.com',	'0496-387-592',	56.52,	4),
('Dortha',	'Vrieze',	26,	'German',	'female',	'dortha@vrieze.net.au',	'0430-222-319',	66.03,	3),
('Genevive',	'Sanborn',	22,	'Indonisean',	'male',	'genevive@hotmail.com',	'0431-413-930',	62.52,	2),
('Alease',	'Strawbridge',	26,	'Korean',	'male',	'alease_strawbridge@strawbridge.com.au',	'0497-868-525',	73.14,	6),
('Veda',	'Mishkin',	24,	'German',	'female',	'veda.mishkin@mishkin.com.au',	'0474-823-917',	64.23,	3),
('Craig',	'Vandersloot',	19,	'Indian',	'male',	'craig_vandersloot@yahoo.com',	'0492-408-109',	91.45,	2),
('Lauran',	'Tovmasyan',	20,	'Chinese',	'male',	'ltovmasyan@tovmasyan.net.au',	'0459-680-488',	79.41,	4),
('Aaron',	'Kloska',	25,	'Australian',	'male',	'aaron_kloska@kloska.net.au',	'0473-600-733',	91.69,	7),
('Francene',	'Skursky',	24,	'Malaysian',	'female',	'francene.skursky@skursky.net.au',	'0485-944-417',	87.14,	6),
('Zena',	'Daria',	21,	'Australian',	'female',	'zdaria@gmail.com',	'0466-820-981',	71.88,	6),
('Brigette',	'Breckenstein',	30,	'Thai',	'female',	'brigette@breckenstein.com.au',	'0462-308-800',	91.55,	3),
('Jeniffer',	'Jezek',	26,	'Indonisean',	'male',	'jeniffer@gmail.com',	'0493-644-827',	60.53,	1),
('Selma',	'Elm',	27,	'Malaysian',	'female',	'selm@elm.net.au',	'0418-581-770',	61.44,	5),
('Elenora',	'Handler',	26,	'Vietnamese',	'male',	'ehandler@yahoo.com',	'0481-367-908',	82.66,	6),
('Nadine',	'Okojie',	27,	'French',	'male',	'nadine.okojie@okojie.com.au',	'0424-801-736',	58.39,	7),
('Kristin',	'Shiflet',	29,	'Chinese',	'female',	'kristin@hotmail.com',	'0488-223-788',	87.66,	2),
('Melinda',	'Fellhauer',	28,	'Chinese',	'female',	'melinda_fellhauer@fellhauer.com.au',	'0493-258-647',	65.28,	6),
('Kirby',	'Litherland',	21,	'Japaese',	'male',	'kirby.litherland@hotmail.com',	'0480-676-186',	72.21,	6),
('Kent',	'Ivans',	30,	'German',	'male',	'kent_ivans@yahoo.com',	'0429-746-524',	91.60,	4),
('Dan',	'Platz',	29,	'Thai',	'male',	'dan_platz@hotmail.com',	'0441-978-907',	59.40,	3),
('Millie',	'Pirkl',	25,	'French',	'male',	'millie_pirkl@gmail.com',	'0410-688-713',	70.28,	5),
('Moira',	'Qadir',	27,	'Indonisean',	'male',	'moira.qadir@gmail.com',	'0471-106-909',	56.49,	6),
('Reta',	'Qazi',	19,	'Indian',	'female',	'reta.qazi@yahoo.com',	'0446-105-779',	81.84,	4),
('Brittney',	'Lolley',	25,	'Indonisean',	'female',	'brittney@lolley.net.au',	'0451-120-660',	64.56,	2),
('Leandro',	'Bolka',	26,	'Malaysian',	'male',	'leandro_bolka@hotmail.com',	'0413-530-467',	54.00,	7),
('Edison',	'Sumera',	26,	'Indonisean',	'female',	'edison.sumera@sumera.net.au',	'0463-377-181',	73.72,	4),
('Breana',	'Cassi',	20,	'Australian',	'female',	'breana@yahoo.com',	'0495-644-883',	65.27,	1),
('Jarvis',	'Nicols',	31,	'Indian',	'male',	'jarvis@gmail.com',	'0436-246-951',	70.64,	6),
('Felicitas',	'Orlinski',	25,	'Japaese',	'male',	'felicitas_orlinski@orlinski.com.au',	'0444-326-506',	67.32,	7),
('Geraldine',	'Neisius',	24,	'Australian',	'female',	'geraldine@gmail.com',	'0440-707-817',	68.10,	2),
('Alfred',	'Pacleb',	27,	'Malaysian',	'male',	'alfred@pacleb.net.au',	'0453-896-533',	57.70,	1),
('Leatha',	'Block',	23,	'German',	'female',	'leatha_block@gmail.com',	'0445-211-162',	58.44,	5),
('Jacquelyne',	'Rosso',	28,	'French',	'female',	'jacquelyne.rosso@yahoo.com',	'0464-763-350',	75.58,	3),
('Jonelle',	'Epps',	28,	'Chinese',	'female',	'jepps@hotmail.com',	'0461-339-731',	58.63,	2),
('Rosamond',	'Amlin',	29,	'Indian',	'female',	'rosamond.amlin@gmail.com',	'0438-251-615',	56.40,	2),
('Johnson',	'Mcenery',	26,	'Chinese',	'male',	'johnson@gmail.com',	'0446-721-262',	89.76,	4),
('Elliot',	'Scatton',	24,	'Thai',	'male',	'elliot.scatton@hotmail.com',	'0481-878-290',	73.46,	6),
('Gerri',	'Perra',	31,	'French',	'female',	'gerri@yahoo.com',	'0416-887-937',	68.69,	4),
('Rosendo',	'Jelsma',	29,	'Australian',	'male',	'rosendo_jelsma@hotmail.com',	'0477-239-199',	60.05,	7);

DESC dim_student
SELECT * FROM dim_student;

CREATE TABLE `FACT_Withdrawal` (
	`InstructorID` INT NOT NULL,
	`FacultyID` INT NOT NULL,
	`SubjectID` INT NOT NULL,
	`StudentID` INT NOT NULL,
	`ClubID` INT NULL, 
	`Withdrawal` INT NOT NULL,
	KEY `instructor`(`InstructorID`),
	CONSTRAINT `INSTRUCTOR` FOREIGN KEY `Instructor`(`InstructorID`) REFERENCES `dim_instructor`(`InstructorID`),
	KEY `faculty`(`FacultyID`),
	CONSTRAINT `FACULTY` FOREIGN KEY `FACULTY`(`FacultyID`) REFERENCES `dim_faculty`(`FacultyID`),
	KEY `subject`(`SubjectID`),
	CONSTRAINT `SUBJECT` FOREIGN KEY `SUBJECT`(`SubjectID`) REFERENCES `dim_subject`(`SubjectID`),
	KEY `student`(`StudentID`),
	CONSTRAINT `STUDENT` FOREIGN KEY `STUDENT`(`StudentID`) REFERENCES `dim_student`(`StudentID`)
);

INSERT into fact_withdrawal(`InstructorID`,`FacultyID`,`SubjectID`,`StudentID`) VALUES
(36,	4,	1016,	101),
(37,	6,	1028,	102),
(38,	7,	1031,	103),
(39,	3,	1015,	104),
(38,	7,	1031,	105),
(38,	7,	1031,	106),
(41,	7,	1034,	107),
(41,	7,	1034,	108),
(42,	6,	1027,	109),
(43,	1,	1004,	110),
(43,	1,	1004,	111),
(43,	1,	1004,	112),
(44,	4,	1019,	113),
(45,	4,	1017,	114),
(46,	2,	1009,	115),
(47,	7,	1033,	116),
(41,	7,	1034,	117),
(48,	3,	1014,	118),
(49,	4,	1018,	119),
(36,	4,	1016,	120),
(36,	4,	1016,	121),
(36,	4,	1016,	122),
(50,	6,	1030,	123),
(51,	2,	1006,	124),
(52,	5,	1023,	125),
(52,	5,	1023,	126),
(39,	3,	1015,	127),
(52,	5,	1023,	128),
(53,	3,	1011,	129),
(54,	4,	1020,	130),
(54,	4,	1020,	131),
(55,	7,	1032,	132),
(41,	7,	1034,	133),
(41,	7,	1034,	134),
(53,	3,	1011,	135),
(38,	7,	1031,	136),
(56,	6,	1029,	137),
(57,	2,	1008,	138),
(41,	7,	1034,	139),
(58,	6,	1026,	140),
(59,	1,	1001,	141),
(43,	1,	1004,	142),
(41,	7,	1034,	143),
(62,	5,	1024,	144),
(36,	4,	1016,	145),
(43,	1,	1004,	146),
(60,	1,	1002,	147),
(52,	5,	1023,	148),
(61,	3,	1012,	149),
(57,	2,	1008,	150),
(53,	3,	1011,	151),
(41,	7,	1034,	152),
(62,	5,	1024,	153),
(53,	3,	1011,	154),
(39,	3,	1015,	155),
(45,	4,	1017,	156),
(62,	5,	1024,	157),
(45,	4,	1017,	158),
(53,	3,	1011,	159),
(36,	4,	1016,	160),
(44,	4,	1019,	161),
(54,	4,	1020,	162),
(53,	3,	1011,	163),
(62,	5,	1024,	164),
(42,	6,	1027,	165),
(39,	3,	1015,	166),
(51,	2,	1006,	167),
(41,	7,	1034,	168),
(55,	7,	1032,	169),
(37,	6,	1028,	170),
(42,	6,	1027,	171),
(62,	5,	1024,	172),
(60,	1,	1002,	173),
(62,	5,	1024,	174),
(37,	6,	1028,	175),
(58,	6,	1026,	176),
(58,	6,	1026,	177),
(58,	6,	1026,	178),
(56,	6,	1029,	179),
(45,	4,	1017,	180),
(62,	5,	1024,	181),
(52,	5,	1023,	182),
(37,	6,	1028,	183),
(37,	6,	1028,	184),
(52,	5,	1023,	185),
(55,	7,	1032,	186),
(37,	6,	1028,	187),
(53,	3,	1011,	188),
(58,	6,	1026,	189),
(62,	5,	1024,	190),
(58,	6,	1026,	191),
(58,	6,	1026,	192),
(62,	5,	1024,	193),
(53,	3,	1011,	194),
(53,	3,	1011,	195),
(40,	2,	1007,	196),
(44,	4,	1019,	197),
(52,	5,	1023,	198),
(58,	6,	1026,	199),
(37,	6,	1028,	200);

DESC dim_student
SELECT * FROM fact_withdrawal;
SELECT * FROM dim_student;
SELECT * FROM dim_faculty;
SELECT * FROM dim_subject;
SELECT * FROM dim_instructor;

SELECT ROW_NUMBER() over (ORDER BY count(fact_withdrawal.SubjectID) DESC, fact_withdrawal.SubjectID ) AS 'Ranks',
fact_withdrawal.SubjectID, dim_subject.Title, count(fact_withdrawal.SubjectID) AS 'Total Withdrawal',
dim_faculty.Name AS 'FacultyName',
fact_withdrawal.InstructorID, dim_instructor.FirstName AS 'InstructorName'
FROM fact_withdrawal
JOIN dim_instructor ON fact_withdrawal.InstructorID = dim_instructor.InstructorID
JOIN dim_faculty ON fact_withdrawal.FacultyID = dim_faculty.FacultyID
JOIN dim_subject ON fact_withdrawal.SubjectID = dim_subject.SubjectID
JOIN dim_student ON fact_withdrawal.StudentID = dim_student.StudentID
GROUP BY fact_withdrawal.SubjectID 
ORDER BY count(fact_withdrawal.SubjectID) DESC, fact_withdrawal.SubjectID;



